name,prior_mean,prior_stdev,prior_lower_bound,prior_upper_bound,post_mean,post_stdev,post_lower_bound,post_upper_bound
headwater:4383.5,-437.391,2162.61,-4762.62,3887.83,-575.852,132.936,-841.724,-309.98
part_time,7003.9,577642,-1.14828e+06,1.16229e+06,4334.97,4644.81,-4954.64,13624.6
tailwater:4383.5,-114.695,10825.5,-21765.7,21536.4,-295.245,87.5183,-470.282,-120.209
trgw-0-9-1:4383.5,38.3311,403.249,-768.167,844.829,38.3886,1.04421,36.3002,40.477
