name,prior_mean,prior_stdev,prior_lower_bound,prior_upper_bound,post_mean,post_stdev,post_lower_bound,post_upper_bound
headwater:4383.5,-437.391,127.231,-691.854,-182.929,-518.725,59.5233,-637.772,-399.679
part_time,7003.9,9417.14,-11830.4,25838.2,6760.31,7211.35,-7662.38,21183
tailwater:4383.5,-114.695,119.736,-354.167,124.776,-198.774,64.5951,-327.964,-69.5837
trgw-0-9-1:4383.5,38.3311,2.59575,33.1397,43.5226,39.1098,0.742756,37.6243,40.5953
