name,prior_mean,prior_stdev,prior_lower_bound,prior_upper_bound,post_mean,post_stdev,post_lower_bound,post_upper_bound
headwater:4383.5,-397.555,133.658,-664.872,-130.238,-501.464,7.63364,-516.731,-486.196
part_time,7076.31,5866.83,-4657.35,18810,7783.55,87.191,7609.16,7957.93
tailwater:4383.5,-90.295,276.151,-642.597,462.007,-181.399,3.5446,-188.488,-174.31
trgw-0-9-1:4383.5,38.0999,10.1481,17.8036,58.3961,40.5209,0.126598,40.2677,40.7741
