name,prior_mean,prior_stdev,prior_lower_bound,prior_upper_bound,post_mean,post_stdev,post_lower_bound,post_upper_bound
headwater:4383.5,-437.391,141.147,-719.686,-155.097,-593.363,107.144,-807.652,-379.074
part_time,7003.9,7239.03,-7474.17,21482,4528.4,6601.73,-8675.05,17731.9
tailwater:4383.5,-114.695,148.398,-411.49,182.1,-297.069,92.1181,-481.305,-112.832
trgw-0-9-1:4383.5,38.3311,3.25864,31.8139,44.8484,38.3228,2.09709,34.1286,42.517
