name,prior_mean,prior_stdev,prior_lower_bound,prior_upper_bound,post_mean,post_stdev,post_lower_bound,post_upper_bound
headwater:4383.5,-437.391,2.22286e+12,-4.44572e+12,4.44572e+12,-589.653,176.911,-943.475,-235.831
part_time,7003.9,3.30193e+15,-6.60387e+15,6.60387e+15,4519.74,5686.47,-6853.21,15892.7
tailwater:4383.5,-114.695,3.49603e+13,-6.99205e+13,6.99205e+13,-297.457,82.8191,-463.095,-131.818
trgw-0-9-1:4383.5,38.3311,1.66731e+12,-3.33462e+12,3.33462e+12,38.3164,1.39551,35.5253,41.1074
