name,prior_mean,prior_stdev,prior_lower_bound,prior_upper_bound,post_mean,post_stdev,post_lower_bound,post_upper_bound
headwater:4383.5,-437.391,136.16,-709.712,-165.071,-437.391,110.562,-658.516,-216.267
part_time,7003.9,9831.99,-12660.1,26667.9,7003.9,9442.89,-11881.9,25889.7
tailwater:4383.5,-114.695,138.929,-392.552,163.162,-114.695,81.3323,-277.36,47.9694
trgw-0-9-1:4383.5,38.3311,2.89895,32.5332,44.1291,38.3311,2.11813,34.0949,42.5674
