name,prior_mean,prior_stdev,prior_lower_bound,prior_upper_bound,post_mean,post_stdev,post_lower_bound,post_upper_bound
headwater:4383.5,-437.391,1027.36,-2492.12,1617.33,-552.772,137.768,-828.309,-277.235
part_time,7003.9,599332,-1.19166e+06,1.20567e+06,5085.55,5666.19,-6246.84,16417.9
tailwater:4383.5,-114.695,6709,-13532.7,13303.3,-265.704,89.6968,-445.098,-86.3106
trgw-0-9-1:4383.5,38.3311,313.16,-587.99,664.652,38.6726,0.984838,36.7029,40.6423
