name,prior_mean,prior_stdev,prior_lower_bound,prior_upper_bound,post_mean,post_stdev,post_lower_bound,post_upper_bound
headwater:4383.5,-437.391,130.891,-699.174,-175.609,-506.372,60.8408,-628.054,-384.691
part_time,7003.9,9112.64,-11221.4,25229.2,6822.1,8114.51,-9406.92,23051.1
tailwater:4383.5,-114.695,134.312,-383.319,153.928,-177.247,61.7107,-300.669,-53.8261
trgw-0-9-1:4383.5,38.3311,2.57819,33.1748,43.4875,38.9287,0.871441,37.1858,40.6716
