name,prior_mean,prior_stdev,prior_lower_bound,prior_upper_bound,post_mean,post_stdev,post_lower_bound,post_upper_bound
headwater:4383.5,-397.555,212.001,-821.557,26.4462,-505.388,9.45695,-524.302,-486.474
part_time,7076.31,5424.64,-3772.98,17925.6,7671.04,108.299,7454.45,7887.64
tailwater:4383.5,-90.295,293.697,-677.688,497.099,-179.331,4.63999,-188.611,-170.051
trgw-0-9-1:4383.5,38.0999,10.9005,16.2989,59.9008,40.333,0.176873,39.9792,40.6867
