name,prior_mean,prior_stdev,prior_lower_bound,prior_upper_bound,post_mean,post_stdev,post_lower_bound,post_upper_bound
gage_1:732.0,1521.75,211.59,1098.57,1944.93,1441.09,28.7112,1383.66,1498.51
headwater:732.0,-844.264,191.953,-1228.17,-460.357,-770.926,20.452,-811.83,-730.022
tailwater:732.0,-531.737,15.0347,-561.806,-501.667,-529.855,7.44166,-544.738,-514.972
trgw_0_9_1:732.0,37.6696,1.37781,34.914,40.4252,35.1433,0.0260675,35.0912,35.1955
trgw_2_9_1:732.0,37.6649,1.37951,34.9059,40.424,35.1398,0.0255231,35.0887,35.1908
