name,prior_mean,prior_stdev,prior_lower_bound,prior_upper_bound,post_mean,post_stdev,post_lower_bound,post_upper_bound
gage_1:732.0,1521.75,276.094,969.558,2073.93,1478.85,43.2298,1392.39,1565.31
headwater:732.0,-844.264,181.405,-1207.07,-481.455,-810.326,19.0232,-848.372,-772.28
tailwater:732.0,-531.737,91.5412,-714.819,-348.655,-525.776,25.0738,-575.924,-475.629
trgw_0_9_1:732.0,37.6696,2.82297,32.0237,43.3155,35.9663,0.292356,35.3816,36.551
trgw_2_9_1:732.0,37.6649,2.82372,32.0175,43.3124,35.9614,0.292376,35.3766,36.5461
