name,prior_mean,prior_stdev,prior_lower_bound,prior_upper_bound,post_mean,post_stdev,post_lower_bound,post_upper_bound
gage_1:732.0,1521.75,149.504,1222.74,1820.75,1437.82,41.4715,1354.87,1520.76
headwater:732.0,-844.264,130.553,-1105.37,-583.158,-767.983,23.9366,-815.856,-720.11
tailwater:732.0,-531.737,55.9467,-643.63,-419.843,-529.758,17.6487,-565.055,-494.46
trgw_0_9_1:732.0,37.6696,1.32159,35.0264,40.3128,35.1275,0.0557783,35.016,35.2391
trgw_2_9_1:732.0,37.6649,1.32494,35.0151,40.3148,35.1238,0.0565621,35.0107,35.237
