name,prior_mean,prior_stdev,prior_lower_bound,prior_upper_bound,post_mean,post_stdev,post_lower_bound,post_upper_bound
headwater:4383.5,-397.555,135.676,-668.906,-126.204,-541.797,102.168,-746.134,-337.461
part_time,7076.31,9450.61,-11824.9,25977.5,4089.61,8375.21,-12660.8,20840
tailwater:4383.5,-90.295,136.17,-362.635,182.045,-261.519,88.8512,-439.222,-83.8166
trgw-0-9-1:4383.5,38.0999,3.32631,31.4472,44.7525,38.4429,2.14879,34.1453,42.7405
