,sidx,idx_strs,pargp3,parval1_3,3
0,"(2, 11, 13)",idx0:2_idx1:11_idx2:13,wel_grd,1.0,1.209153436088458821728863767930306494235992431640625000000000000000000000000
1,"(2, 29, 6)",idx0:2_idx1:29_idx2:6,wel_grd,1.0,0.93602007890807970014179772988427430391311645507812500000000000000000000000
2,"(2, 26, 10)",idx0:2_idx1:26_idx2:10,wel_grd,1.0,1.237448533313920906451244263735134154558181762695312500000000000000000000000
3,"(2, 34, 12)",idx0:2_idx1:34_idx2:12,wel_grd,1.0,0.810721023295422504872931313002482056617736816406250000000000000000000000000
4,"(2, 20, 14)",idx0:2_idx1:20_idx2:14,wel_grd,1.0,0.958373420303916812024169757933123037219047546386718750000000000000000000000
5,"(2, 9, 16)",idx0:2_idx1:9_idx2:16,wel_grd,1.0,1.12344598305585119391025727964006364345550537109375000000000000000000000000
