,sidx,idx_strs,pargp3,parval1_3,3
0,"(2, 11, 13)",idx0:2_idx1:11_idx2:13,wel_grd,1.0,1.091452961711882441164789270260371267795562744140625000000000000000000000000
1,"(2, 29, 6)",idx0:2_idx1:29_idx2:6,wel_grd,1.0,1.19241663697992650305934603238711133599281311035156250000000000000000000000
2,"(2, 26, 10)",idx0:2_idx1:26_idx2:10,wel_grd,1.0,0.709094054014888008907746552722528576850891113281250000000000000000000000000
3,"(2, 34, 12)",idx0:2_idx1:34_idx2:12,wel_grd,1.0,0.819847182715411348929990253964206203818321228027343750000000000000000000000
4,"(2, 20, 14)",idx0:2_idx1:20_idx2:14,wel_grd,1.0,1.060335725114946558989004188333638012409210205078125000000000000000000000000
5,"(2, 9, 16)",idx0:2_idx1:9_idx2:16,wel_grd,1.0,0.94569261859391529068119552903226576745510101318359375000000000000000000000
