name,prior_mean,prior_stdev,prior_lower_bound,prior_upper_bound,post_mean,post_stdev,post_lower_bound,post_upper_bound
headwater:4383.5,-397.555,129.82,-657.195,-137.916,-397.555,107.524,-612.604,-182.507
part_time,7076.31,9386.32,-11696.3,25848.9,7076.31,8902.36,-10728.4,24881
tailwater:4383.5,-90.295,134.28,-358.854,178.264,-90.295,81.4878,-253.271,72.6806
trgw-0-9-1:4383.5,38.0999,2.76576,32.5683,43.6314,38.0999,2.00137,34.0971,42.1026
