,sidx,idx_strs,pargp3,parval1_3,3
0,"(2, 11, 13)",idx0:2_idx1:11_idx2:13,wel_grd,1.0,0.989232086734589066701062165520852431654930114746093750000000000000000000000
1,"(2, 29, 6)",idx0:2_idx1:29_idx2:6,wel_grd,1.0,1.29686142083771849264905995369190350174903869628906250000000000000000000000
2,"(2, 26, 10)",idx0:2_idx1:26_idx2:10,wel_grd,1.0,1.228123083353423794505943078547716140747070312500000000000000000000000000000
3,"(2, 34, 12)",idx0:2_idx1:34_idx2:12,wel_grd,1.0,0.872221396211559585331940525065874680876731872558593750000000000000000000000
4,"(2, 20, 14)",idx0:2_idx1:20_idx2:14,wel_grd,1.0,1.165790904179470510726446264015976339578628540039062500000000000000000000000
5,"(2, 9, 16)",idx0:2_idx1:9_idx2:16,wel_grd,1.0,1.18789981882798389989375209552235901355743408203125000000000000000000000000
