,sidx,idx_strs,pargp3,parval1_3,3
0,"(2, 11, 13)",idx0:2_idx1:11_idx2:13,wel_grd,1.0,0.83776756020895637444567682905471883714199066162109375000000000000000000000
1,"(2, 29, 6)",idx0:2_idx1:29_idx2:6,wel_grd,1.0,1.1579058939020927532226323819486424326896667480468750000000000000000000000
2,"(2, 26, 10)",idx0:2_idx1:26_idx2:10,wel_grd,1.0,1.21611652018870408653583581326529383659362792968750000000000000000000000000
3,"(2, 34, 12)",idx0:2_idx1:34_idx2:12,wel_grd,1.0,1.05449584025767073569568310631439089775085449218750000000000000000000000000
4,"(2, 20, 14)",idx0:2_idx1:20_idx2:14,wel_grd,1.0,1.24378574379960737950057136913528665900230407714843750000000000000000000000
5,"(2, 9, 16)",idx0:2_idx1:9_idx2:16,wel_grd,1.0,0.6844625659846407250697097879310604184865951538085937500000000000000000000
