name,prior_mean,prior_stdev,prior_lower_bound,prior_upper_bound,post_mean,post_stdev,post_lower_bound,post_upper_bound
headwater:4383.5,-397.555,175.382,-748.319,-46.7914,-504.905,8.86409,-522.633,-487.177
part_time,7076.31,5619.48,-4162.65,18315.3,7707.19,98.1468,7510.9,7903.48
tailwater:4383.5,-90.295,301.967,-694.228,513.638,-180.375,4.27532,-188.925,-171.824
trgw-0-9-1:4383.5,38.0999,10.5447,17.0104,59.1893,40.3989,0.151004,40.0969,40.7009
