name,prior_mean,prior_stdev,prior_lower_bound,prior_upper_bound,post_mean,post_stdev,post_lower_bound,post_upper_bound
headwater:4383.5,-397.555,201.414,-800.384,5.2736,-498.8,4.83059,-508.461,-489.139
part_time,7076.31,5343.51,-3610.72,17763.3,7776.63,116.029,7544.58,8008.69
tailwater:4383.5,-90.295,297.999,-686.292,505.703,-179.534,4.74162,-189.017,-170.051
trgw-0-9-1:4383.5,38.0999,11.0045,16.0909,60.1088,40.4975,0.222492,40.0526,40.9425
