name,prior_mean,prior_stdev,prior_lower_bound,prior_upper_bound,post_mean,post_stdev,post_lower_bound,post_upper_bound
headwater:4383.5,-397.555,212.001,-821.557,26.4462,-504.905,9.35809,-523.621,-486.189
part_time,7076.31,5424.64,-3772.98,17925.6,7707.19,107.943,7491.3,7923.08
tailwater:4383.5,-90.295,293.697,-677.688,497.099,-180.375,4.6254,-189.626,-171.124
trgw-0-9-1:4383.5,38.0999,10.9005,16.2989,59.9008,40.3989,0.176717,40.0455,40.7524
