,sidx,idx_strs,pargp3,parval1_3,3
0,"(2, 79, 31)",idx0:2_idx1:79_idx2:31,welgrd,1.0,1.020841755465927036539142136462032794952392578125000000000000000000000000000
1,"(2, 34, 40)",idx0:2_idx1:34_idx2:40,welgrd,1.0,0.993391954445231317727404984907479956746101379394531250000000000000000000000
2,"(2, 88, 19)",idx0:2_idx1:88_idx2:19,welgrd,1.0,1.383896863126903076235407752392347902059555053710937500000000000000000000000
3,"(2, 61, 43)",idx0:2_idx1:61_idx2:43,welgrd,1.0,1.056846798974540480031691913609392940998077392578125000000000000000000000000
4,"(2, 28, 49)",idx0:2_idx1:28_idx2:49,welgrd,1.0,0.763452711740417511165901487402152270078659057617187500000000000000000000000
5,"(2, 103, 37)",idx0:2_idx1:103_idx2:37,welgrd,1.0,1.2383569159685445804086612042738124728202819824218750000000000000000000000000
