,sidx,idx_strs,pargp3,parval1_3,3
0,"(2, 79, 31)",idx0:2_idx1:79_idx2:31,welgrd,1.0,1.215250046847414555628574817092157900333404541015625000000000000000000000000
1,"(2, 34, 40)",idx0:2_idx1:34_idx2:40,welgrd,1.0,0.885799382882591079813039414148079231381416320800781250000000000000000000000
2,"(2, 88, 19)",idx0:2_idx1:88_idx2:19,welgrd,1.0,0.927797024988311291870957120409002527594566345214843750000000000000000000000
3,"(2, 61, 43)",idx0:2_idx1:61_idx2:43,welgrd,1.0,1.127589731551066787318404749385081231594085693359375000000000000000000000000
4,"(2, 28, 49)",idx0:2_idx1:28_idx2:49,welgrd,1.0,1.139226248357125603760664489527698606252670288085937500000000000000000000000
5,"(2, 103, 37)",idx0:2_idx1:103_idx2:37,welgrd,1.0,0.8127382776892914106880994040693622082471847534179687500000000000000000000000
