,sidx,idx_strs,pargp3,parval1_3,3
0,"(2, 79, 31)",idx0:2_idx1:79_idx2:31,welgrd,1.0,0.641002444647845392999840896663954481482505798339843750000000000000000000000
1,"(2, 34, 40)",idx0:2_idx1:34_idx2:40,welgrd,1.0,1.059196599119919035558723408030346035957336425781250000000000000000000000000
2,"(2, 88, 19)",idx0:2_idx1:88_idx2:19,welgrd,1.0,1.017814869272140931855119561078026890754699707031250000000000000000000000000
3,"(2, 61, 43)",idx0:2_idx1:61_idx2:43,welgrd,1.0,0.969805415851391350301469174155499786138534545898437500000000000000000000000
4,"(2, 28, 49)",idx0:2_idx1:28_idx2:49,welgrd,1.0,0.842166925646148478712404994439566507935523986816406250000000000000000000000
5,"(2, 103, 37)",idx0:2_idx1:103_idx2:37,welgrd,1.0,1.1362986311517320192621127716847695410251617431640625000000000000000000000000
