,sidx,idx_strs,pargp3,parval1_3,3
0,"(2, 79, 31)",idx0:2_idx1:79_idx2:31,welgrd,1.0,0.844756533938541664952026621904224157333374023437500000000000000000000000000
1,"(2, 34, 40)",idx0:2_idx1:34_idx2:40,welgrd,1.0,1.263863341450100374885323617490939795970916748046875000000000000000000000000
2,"(2, 88, 19)",idx0:2_idx1:88_idx2:19,welgrd,1.0,1.115586494464171574136912568064872175455093383789062500000000000000000000000
3,"(2, 61, 43)",idx0:2_idx1:61_idx2:43,welgrd,1.0,1.139198622955774897747005525161512196063995361328125000000000000000000000000
4,"(2, 28, 49)",idx0:2_idx1:28_idx2:49,welgrd,1.0,0.987944520819578286818796186707913875579833984375000000000000000000000000000
5,"(2, 103, 37)",idx0:2_idx1:103_idx2:37,welgrd,1.0,0.6816533488941992624532417721638921648263931274414062500000000000000000000000
