,sidx,idx_strs,pargp3,parval1_3,3
0,"(2, 79, 31)",idx0:2_idx1:79_idx2:31,welgrd,1.0,1.08246479265055328689015823329100385308265686035156250000000000000000000000
1,"(2, 34, 40)",idx0:2_idx1:34_idx2:40,welgrd,1.0,1.05468328709494985062633531924802809953689575195312500000000000000000000000
2,"(2, 88, 19)",idx0:2_idx1:88_idx2:19,welgrd,1.0,0.96270114177391186149890245360438711941242218017578125000000000000000000000
3,"(2, 61, 43)",idx0:2_idx1:61_idx2:43,welgrd,1.0,1.22847214637537427428526370931649580597877502441406250000000000000000000000
4,"(2, 28, 49)",idx0:2_idx1:28_idx2:49,welgrd,1.0,1.02991920506441037019840223365463316440582275390625000000000000000000000000
5,"(2, 103, 37)",idx0:2_idx1:103_idx2:37,welgrd,1.0,0.924779168350398639297793579316930845379829406738281250000000000000000000000
