,sidx,idx_strs,pargp3,parval1_3,3
0,"(2, 11, 13)",idx0:2_idx1:11_idx2:13,wel_grd,1.0,0.702761657784627735701121764577692374587059020996093750000000000000000000000
1,"(2, 29, 6)",idx0:2_idx1:29_idx2:6,wel_grd,1.0,0.92294098141229308218669302732450887560844421386718750000000000000000000000
2,"(2, 26, 10)",idx0:2_idx1:26_idx2:10,wel_grd,1.0,1.023199130232879561219760944368317723274230957031250000000000000000000000000
3,"(2, 34, 12)",idx0:2_idx1:34_idx2:12,wel_grd,1.0,0.861504281244334979561472209752537310123443603515625000000000000000000000000
4,"(2, 20, 14)",idx0:2_idx1:20_idx2:14,wel_grd,1.0,1.001284210301457200387176271760836243629455566406250000000000000000000000000
5,"(2, 9, 16)",idx0:2_idx1:9_idx2:16,wel_grd,1.0,0.96331213172197305283361856709234416484832763671875000000000000000000000000
