name,prior_mean,prior_stdev,prior_lower_bound,prior_upper_bound,post_mean,post_stdev,post_lower_bound,post_upper_bound
headwater:732.0,-844.264,131.029,-1106.32,-582.206,-773.588,13.5085,-800.605,-746.571
tailwater:732.0,-531.737,11.7511,-555.239,-508.235,-529.444,2.93926,-535.322,-523.565
trgw_0_9_1:732.0,37.6696,1.28681,35.096,40.2432,35.1729,0.0469689,35.079,35.2668
trgw_2_9_1:732.0,37.6649,1.28799,35.089,40.2409,35.1693,0.0477559,35.0738,35.2648
