name,prior_mean,prior_stdev,prior_lower_bound,prior_upper_bound,post_mean,post_stdev,post_lower_bound,post_upper_bound
headwater:732.0,-844.264,133.078,-1110.42,-578.108,-777.724,39.4245,-856.573,-698.875
tailwater:732.0,-531.737,39.8426,-611.422,-452.052,-523.419,28.8893,-581.197,-465.64
trgw_0_9_1:732.0,37.6696,2.08441,33.5008,41.8384,35.4256,0.0869465,35.2517,35.5995
trgw_2_9_1:732.0,37.6649,2.08464,33.4957,41.8342,35.4203,0.0875168,35.2453,35.5954
