name,prior_mean,prior_stdev,prior_lower_bound,prior_upper_bound,post_mean,post_stdev,post_lower_bound,post_upper_bound
hk1,0.69897,0.75,-0.80103,2.19897,0.911183,0.431888,0.0474064,1.77496
hk2,0.69897,0.75,-0.80103,2.19897,0.518539,0.622361,-0.726184,1.76326
hk3,0.69897,0.75,-0.80103,2.19897,1.18851,0.0501206,1.08827,1.28875
