name,prior_mean,prior_stdev,prior_lower_bound,prior_upper_bound,post_mean,post_stdev,post_lower_bound,post_upper_bound
headwater:732.0,-844.264,207.24,-1258.74,-429.785,-770.39,12.3692,-795.128,-745.652
tailwater:732.0,-531.737,30.5879,-592.913,-470.561,-529.415,9.97172,-549.359,-509.472
trgw_0_9_1:732.0,37.6696,1.40228,34.865,40.4742,35.1487,0.0382882,35.0721,35.2252
trgw_2_9_1:732.0,37.6649,1.40317,34.8586,40.4713,35.145,0.0371992,35.0706,35.2194
