name,prior_mean,prior_stdev,prior_lower_bound,prior_upper_bound,post_mean,post_stdev,post_lower_bound,post_upper_bound
headwater:4383.5,-406.489,128.067,-662.623,-150.354,-406.489,108.465,-623.42,-189.558
part_time,7052.98,9505.16,-11957.3,26063.3,7052.98,8977.55,-10902.1,25008.1
tailwater:4383.5,-95.7501,128.927,-353.604,162.103,-95.7501,81.6472,-259.045,67.5444
trgw-0-9-1:4383.5,38.1519,2.80212,32.5477,43.7562,38.1519,2.01558,34.1208,42.1831
