name,prior_mean,prior_stdev,prior_lower_bound,prior_upper_bound,post_mean,post_stdev,post_lower_bound,post_upper_bound
headwater:4383.5,-406.489,2.01721e+16,-4.03443e+16,4.03443e+16,-606.291,108.842,-823.974,-388.608
part_time,7052.98,1.3645e+18,-2.72901e+18,2.72901e+18,4705.54,3332.61,-1959.68,11370.8
tailwater:4383.5,-95.7501,1.33285e+16,-2.66569e+16,2.66569e+16,-316.316,64.231,-444.778,-187.854
trgw-0-9-1:4383.5,38.1519,9.34562e+14,-1.86912e+15,1.86912e+15,37.8974,1.29779,35.3018,40.493
