name,prior_mean,prior_stdev,prior_lower_bound,prior_upper_bound,post_mean,post_stdev,post_lower_bound,post_upper_bound
headwater:4383.5,-406.489,151.456,-709.401,-103.576,-531.617,87.8413,-707.3,-355.934
part_time,7052.98,5457.31,-3861.65,17967.6,5049.38,4662.12,-4274.86,14373.6
tailwater:4383.5,-95.7501,147.097,-389.944,198.443,-176.225,50.6877,-277.6,-74.8491
trgw-0-9-1:4383.5,38.1519,2.78164,32.5886,43.7152,38.025,1.59925,34.8265,41.2235
