name,prior_mean,prior_stdev,prior_lower_bound,prior_upper_bound,post_mean,post_stdev,post_lower_bound,post_upper_bound
headwater:4383.5,-406.489,126.927,-660.342,-152.635,-517.389,67.4319,-652.253,-382.525
part_time,7052.98,6952.29,-6851.6,20957.6,6806.1,3329.93,146.241,13466
tailwater:4383.5,-95.7501,108.246,-312.242,120.742,-171.712,25.504,-222.72,-120.704
trgw-0-9-1:4383.5,38.1519,2.45685,33.2382,43.0656,38.9397,0.418421,38.1028,39.7765
