name,prior_mean,prior_stdev,prior_lower_bound,prior_upper_bound,post_mean,post_stdev,post_lower_bound,post_upper_bound
headwater:4383.5,-406.489,118.95,-644.389,-168.588,-465.974,71.1571,-608.288,-323.66
part_time,7052.98,5572.32,-4091.66,18197.6,6831.91,2829.11,1173.69,12490.1
tailwater:4383.5,-95.7501,120.253,-336.256,144.756,-136.158,34.1381,-204.434,-67.8819
trgw-0-9-1:4383.5,38.1519,2.33968,33.4726,42.8313,38.5891,0.393842,37.8015,39.3768
