name,prior_mean,prior_stdev,prior_lower_bound,prior_upper_bound,post_mean,post_stdev,post_lower_bound,post_upper_bound
headwater:4383.5,-406.489,129.994,-666.477,-146.5,-496.892,72.7073,-642.307,-351.478
part_time,7052.98,6246.65,-5440.32,19546.3,6772.99,3091.76,589.467,12956.5
tailwater:4383.5,-95.7501,126.961,-349.672,158.171,-157.669,33.3293,-224.327,-91.0101
trgw-0-9-1:4383.5,38.1519,2.48113,33.1897,43.1142,38.8082,0.39929,38.0096,39.6068
