name,prior_mean,prior_stdev,prior_lower_bound,prior_upper_bound,post_mean,post_stdev,post_lower_bound,post_upper_bound
headwater:4383.5,-406.489,1.3247e+15,-2.6494e+15,2.6494e+15,-550.889,105.501,-761.891,-339.887
part_time,7052.98,5.90318e+17,-1.18064e+18,1.18064e+18,8721.34,45709.9,-82698.5,100141
tailwater:4383.5,-95.7501,1.21086e+15,-2.42173e+15,2.42173e+15,-194.143,71.0033,-336.15,-52.1366
trgw-0-9-1:4383.5,38.1519,4.86349e+13,-9.72697e+13,9.72697e+13,37.3818,1.7117,33.9584,40.8052
