name,prior_mean,prior_stdev,prior_lower_bound,prior_upper_bound,post_mean,post_stdev,post_lower_bound,post_upper_bound
headwater:4383.5,-406.489,133.491,-673.471,-139.506,-530.46,104.438,-739.337,-321.584
part_time,7052.98,14859.8,-22666.6,36772.6,6908.71,12367.6,-17826.5,31643.9
tailwater:4383.5,-95.7501,135.509,-366.768,175.268,-179.224,86.5949,-352.414,-6.03402
trgw-0-9-1:4383.5,38.1519,3.17668,31.7986,44.5053,38.9861,1.589,35.8081,42.1641
