name,prior_mean,prior_stdev,prior_lower_bound,prior_upper_bound,post_mean,post_stdev,post_lower_bound,post_upper_bound
headwater:4383.5,-406.489,1.84917e+16,-3.69835e+16,3.69835e+16,-603.012,112.771,-828.554,-377.471
part_time,7052.98,1.18351e+18,-2.36701e+18,2.36701e+18,4609.12,3284.59,-1960.06,11178.3
tailwater:4383.5,-95.7501,1.18761e+16,-2.37522e+16,2.37522e+16,-311.981,93.5247,-499.03,-124.931
trgw-0-9-1:4383.5,38.1519,8.38717e+14,-1.67743e+15,1.67743e+15,37.8881,1.35669,35.1747,40.6015
