name,prior_mean,prior_stdev,prior_lower_bound,prior_upper_bound,post_mean,post_stdev,post_lower_bound,post_upper_bound
headwater:4383.5,-406.489,7.82443e+15,-1.56489e+16,1.56489e+16,-563.986,121.22,-806.426,-321.546
part_time,7052.98,5.99966e+17,-1.19993e+18,1.19993e+18,4880.96,6454.23,-8027.5,17789.4
tailwater:4383.5,-95.7501,7.7061e+15,-1.54122e+16,1.54122e+16,-248.293,94.3814,-437.056,-59.5303
trgw-0-9-1:4383.5,38.1519,3.10697e+14,-6.21394e+14,6.21394e+14,37.5476,1.69525,34.1571,40.9381
