name,prior_mean,prior_stdev,prior_lower_bound,prior_upper_bound,post_mean,post_stdev,post_lower_bound,post_upper_bound
headwater:4383.5,-406.489,1.60058e+17,-3.20116e+17,3.20116e+17,-601.394,146.204,-893.802,-308.985
part_time,7052.98,7.62563e+19,-1.52513e+20,1.52513e+20,4900.18,12565.3,-20230.5,30030.8
tailwater:4383.5,-95.7501,9.24286e+17,-1.84857e+18,1.84857e+18,-337.689,146.312,-630.313,-45.0641
trgw-0-9-1:4383.5,38.1519,2.44371e+16,-4.88742e+16,4.88742e+16,37.5818,0.868383,35.8451,39.3186
