name,prior_mean,prior_stdev,prior_lower_bound,prior_upper_bound,post_mean,post_stdev,post_lower_bound,post_upper_bound
headwater:4383.5,-406.489,322.187,-1050.86,237.886,-609.185,117.669,-844.524,-373.846
part_time,7052.98,8822.26,-10591.5,24697.5,4761.38,6349.16,-7936.95,17459.7
tailwater:4383.5,-95.7501,254.344,-604.437,412.937,-320.653,102.107,-524.868,-116.438
trgw-0-9-1:4383.5,38.1519,3.57753,30.9969,45.307,37.937,1.30479,35.3275,40.5466
