name,prior_mean,prior_stdev,prior_lower_bound,prior_upper_bound,post_mean,post_stdev,post_lower_bound,post_upper_bound
headwater:4383.5,-406.489,107.659,-621.806,-191.171,-434.541,68.861,-572.263,-296.819
part_time,7052.98,4810.93,-2568.88,16674.8,6874.93,2551.15,1772.63,11977.2
tailwater:4383.5,-95.7501,112.435,-320.621,129.12,-114.772,35.1164,-185.005,-44.5395
trgw-0-9-1:4383.5,38.1519,2.19033,33.7713,42.5326,38.3783,0.388557,37.6012,39.1554
