name,prior_mean,prior_stdev,prior_lower_bound,prior_upper_bound,post_mean,post_stdev,post_lower_bound,post_upper_bound
headwater:4383.5,-406.489,1.33084e+16,-2.66168e+16,2.66168e+16,-592.935,76.1012,-745.137,-440.733
part_time,7052.98,7.00238e+17,-1.40048e+18,1.40048e+18,4193.21,2695.81,-1198.41,9584.82
tailwater:4383.5,-95.7501,1.31106e+16,-2.62212e+16,2.62212e+16,-308.271,71.6715,-451.614,-164.928
trgw-0-9-1:4383.5,38.1519,6.8355e+14,-1.3671e+15,1.3671e+15,37.9033,1.74118,34.4209,41.3856
