name,prior_mean,prior_stdev,prior_lower_bound,prior_upper_bound,post_mean,post_stdev,post_lower_bound,post_upper_bound
headwater:4383.5,-406.489,1.77535e+16,-3.5507e+16,3.5507e+16,-598.741,107.55,-813.84,-383.641
part_time,7052.98,1.04478e+18,-2.08956e+18,2.08956e+18,4472.69,2881.87,-1291.05,10236.4
tailwater:4383.5,-95.7501,1.15798e+16,-2.31597e+16,2.31597e+16,-308.093,95.7306,-499.554,-116.632
trgw-0-9-1:4383.5,38.1519,7.81051e+14,-1.5621e+15,1.5621e+15,37.8691,1.453,34.9631,40.7751
