name,prior_mean,prior_stdev,prior_lower_bound,prior_upper_bound,post_mean,post_stdev,post_lower_bound,post_upper_bound
headwater:4383.5,-406.489,211.422,-829.333,16.3562,-588.333,120.638,-829.609,-347.057
part_time,7052.98,6634.13,-6215.27,20321.2,4325.03,5366.07,-6407.12,15057.2
tailwater:4383.5,-95.7501,223.155,-542.06,350.56,-337.018,103.772,-544.561,-129.474
trgw-0-9-1:4383.5,38.1519,3.20158,31.7488,44.5551,37.5888,1.70191,34.185,40.9926
