name,prior_mean,prior_stdev,prior_lower_bound,prior_upper_bound,post_mean,post_stdev,post_lower_bound,post_upper_bound
headwater:4383.5,-406.489,211.422,-829.333,16.3562,-596.556,120.699,-837.955,-355.158
part_time,7052.98,6634.13,-6215.27,20321.2,4283.57,5366.7,-6449.83,15017
tailwater:4383.5,-95.7501,223.155,-542.06,350.56,-310.484,103.839,-518.161,-102.806
trgw-0-9-1:4383.5,38.1519,3.20158,31.7488,44.5551,37.899,1.70199,34.4951,41.303
