name,prior_mean,prior_stdev,prior_lower_bound,prior_upper_bound,post_mean,post_stdev,post_lower_bound,post_upper_bound
headwater:4383.5,-406.489,116.603,-639.695,-173.282,-546.704,71.1876,-689.079,-404.329
part_time,7052.98,6644.18,-6235.38,20341.3,5592.5,4491.12,-3389.74,14574.7
tailwater:4383.5,-95.7501,123.018,-341.787,150.287,-186.526,47.7157,-281.958,-91.095
trgw-0-9-1:4383.5,38.1519,2.72565,32.7006,43.6032,38.74,0.899853,36.9403,40.5397
