name,prior_mean,prior_stdev,prior_lower_bound,prior_upper_bound,post_mean,post_stdev,post_lower_bound,post_upper_bound
headwater:4383.5,-406.489,8.87731e+16,-1.77546e+17,1.77546e+17,-592.77,121.834,-836.437,-349.103
part_time,7052.98,3.78506e+19,-7.57012e+19,7.57012e+19,4432.08,7488.11,-10544.1,19408.3
tailwater:4383.5,-95.7501,5.76554e+17,-1.15311e+18,1.15311e+18,-335.501,114.227,-563.955,-107.047
trgw-0-9-1:4383.5,38.1519,1.4766e+16,-2.9532e+16,2.9532e+16,37.6256,0.908828,35.8079,39.4432
