name,prior_mean,prior_stdev,prior_lower_bound,prior_upper_bound,post_mean,post_stdev,post_lower_bound,post_upper_bound
headwater:4383.5,-406.489,8.1455e+16,-1.6291e+17,1.6291e+17,-592.204,87.288,-766.78,-417.628
part_time,7052.98,3.67403e+19,-7.34807e+19,7.34807e+19,4423.99,4145.42,-3866.85,12714.8
tailwater:4383.5,-95.7501,5.80032e+17,-1.16006e+18,1.16006e+18,-337.96,81.7121,-501.384,-174.536
trgw-0-9-1:4383.5,38.1519,1.42686e+16,-2.85371e+16,2.85371e+16,37.6149,0.980908,35.6531,39.5767
