name,prior_mean,prior_stdev,prior_lower_bound,prior_upper_bound,post_mean,post_stdev,post_lower_bound,post_upper_bound
hk1,0.69897,0.75,-0.80103,2.19897,1.58849,0.489525,0.609444,2.56754
hk2,0.69897,0.75,-0.80103,2.19897,0.180409,0.369021,-0.557633,0.918451
hk3,0.69897,0.75,-0.80103,2.19897,1.2169,0.0972492,1.0224,1.4114
