name,prior_mean,prior_stdev,prior_lower_bound,prior_upper_bound,post_mean,post_stdev,post_lower_bound,post_upper_bound
headwater:640.0,-409.617,270.388,-950.393,131.158,-211.395,6.84718,-225.09,-197.701
tailwater:367.0,-448.255,174.151,-796.558,-99.9525,-428.556,6.39662,-441.349,-415.763
trgw_0_9_1:640.0,37.5459,1.13009,35.2857,39.806,34.6281,0.031491,34.5651,34.6911
