name,prior_mean,prior_stdev,prior_lower_bound,prior_upper_bound,post_mean,post_stdev,post_lower_bound,post_upper_bound
gage_1:732.0,1505.73,184.538,1136.65,1874.81,1418.88,74.2633,1270.35,1567.41
headwater:732.0,-839.261,168.863,-1176.99,-501.534,-761.547,38.1923,-837.932,-685.163
tailwater:732.0,-520.024,77.0936,-674.211,-365.837,-516.706,35.8374,-588.38,-445.031
trgw_0_9_1:732.0,37.6719,1.62174,34.4285,40.9154,35.1706,0.0886594,34.9933,35.348
trgw_2_9_1:732.0,37.6673,1.62346,34.4204,40.9142,35.1665,0.0882366,34.99,35.343
