name,prior_mean,prior_stdev,prior_lower_bound,prior_upper_bound,post_mean,post_stdev,post_lower_bound,post_upper_bound
gage_1:732.0,1505.73,119.394,1266.94,1744.52,1405.01,101.085,1202.84,1607.18
headwater:732.0,-839.261,82.6845,-1004.63,-673.892,-749.672,64.6925,-879.057,-620.287
tailwater:732.0,-520.024,101.011,-722.046,-318.003,-515.522,37.1013,-589.724,-441.319
trgw_0_9_1:732.0,37.6719,1.38219,34.9076,40.4363,35.1255,0.168278,34.789,35.4621
trgw_2_9_1:732.0,37.6673,1.38192,34.9034,40.4311,35.1207,0.168015,34.7847,35.4568
