name,prior_mean,prior_stdev,prior_lower_bound,prior_upper_bound,post_mean,post_stdev,post_lower_bound,post_upper_bound
gage_1:732.0,1505.73,267.333,971.065,2040.4,1423.52,27.0003,1369.52,1477.52
headwater:732.0,-839.261,221.01,-1281.28,-397.241,-765.15,17.7611,-800.673,-729.628
tailwater:732.0,-520.024,37.7332,-595.491,-444.558,-517.456,9.28457,-536.025,-498.886
trgw_0_9_1:732.0,37.6719,1.54461,34.5827,40.7612,35.1701,0.0347209,35.1007,35.2396
trgw_2_9_1:732.0,37.6673,1.54552,34.5762,40.7583,35.1663,0.034398,35.0976,35.2351
