name,prior_mean,prior_stdev,prior_lower_bound,prior_upper_bound,post_mean,post_stdev,post_lower_bound,post_upper_bound
hk1,0.69897,0.75,-0.80103,2.19897,1.69897,0.175694,1.34758,2.05036
hk2,0.69897,0.75,-0.80103,2.19897,0.646457,0.398925,-0.151393,1.44431
hk3,0.69897,0.75,-0.80103,2.19897,1.20262,0.0655092,1.07161,1.33364
