name,prior_mean,prior_stdev,prior_lower_bound,prior_upper_bound,post_mean,post_stdev,post_lower_bound,post_upper_bound
hk1,0.69897,0.75,-0.80103,2.19897,1.69897,0.393252,0.912465,2.48547
hk2,0.69897,0.75,-0.80103,2.19897,0.638304,0.276999,0.0843058,1.1923
hk3,0.69897,0.75,-0.80103,2.19897,1.15383,0.13385,0.886134,1.42154
