name,prior_mean,prior_stdev,prior_lower_bound,prior_upper_bound,post_mean,post_stdev,post_lower_bound,post_upper_bound
gage_1:732.0,1521.75,219.843,1082.06,1961.43,1435.09,54.6651,1325.76,1544.42
headwater:732.0,-844.264,141.819,-1127.9,-560.626,-766.122,24.9501,-816.022,-716.222
tailwater:732.0,-531.737,118.133,-768.004,-295.47,-528.98,30.4817,-589.943,-468.017
trgw_0_9_1:732.0,37.6696,1.27087,35.1279,40.2114,35.1287,0.029172,35.0704,35.1871
trgw_2_9_1:732.0,37.6649,1.27172,35.1215,40.2084,35.1249,0.0294626,35.066,35.1839
