name,prior_mean,prior_stdev,prior_lower_bound,prior_upper_bound,post_mean,post_stdev,post_lower_bound,post_upper_bound
hk1,0.69897,0.75,-0.80103,2.19897,0.785998,0.627237,-0.468476,2.04047
hk2,0.69897,0.75,-0.80103,2.19897,0.667474,0.66636,-0.665246,2.00019
hk3,0.69897,0.75,-0.80103,2.19897,1.0349,0.122001,0.790895,1.2789
