name,prior_mean,prior_stdev,prior_lower_bound,prior_upper_bound,post_mean,post_stdev,post_lower_bound,post_upper_bound
hk1,0.69897,0.75,-0.80103,2.19897,0.667157,0.363186,-0.059214,1.39353
hk2,0.69897,0.75,-0.80103,2.19897,1.69764,0.543228,0.611182,2.78409
hk3,0.69897,0.75,-0.80103,2.19897,1.3847,0.138513,1.10767,1.66172
