name,prior_mean,prior_stdev,prior_lower_bound,prior_upper_bound,post_mean,post_stdev,post_lower_bound,post_upper_bound
hk1,0.69897,0.75,-0.80103,2.19897,0.66667,0.407071,-0.147473,1.48081
hk2,0.69897,0.75,-0.80103,2.19897,1.69793,0.420502,0.856926,2.53893
hk3,0.69897,0.75,-0.80103,2.19897,1.38454,0.119766,1.14501,1.62407
