name,prior_mean,prior_stdev,prior_lower_bound,prior_upper_bound,post_mean,post_stdev,post_lower_bound,post_upper_bound
headwater:640.0,-409.617,162.009,-733.635,-85.6002,-329.205,47.1015,-423.408,-235.002
tailwater:367.0,-448.255,152.781,-753.817,-142.693,-431.21,55.1154,-541.441,-320.979
trgw_0_9_1:640.0,37.5459,1.84126,33.8633,41.2284,35.6919,0.482876,34.7262,36.6577
