name,prior_mean,prior_stdev,prior_lower_bound,prior_upper_bound,post_mean,post_stdev,post_lower_bound,post_upper_bound
hk1,0.69897,0.75,-0.80103,2.19897,0.69897,0.734306,-0.769642,2.16758
hk2,0.69897,0.75,-0.80103,2.19897,0.69897,0.68396,-0.66895,2.06689
hk3,0.69897,0.75,-0.80103,2.19897,0.69897,0.245925,0.20712,1.19082
