name,prior_mean,prior_stdev,prior_lower_bound,prior_upper_bound,post_mean,post_stdev,post_lower_bound,post_upper_bound
headwater:640.0,-409.617,108.669,-626.956,-192.279,-211.542,74.8688,-361.279,-61.8041
tailwater:367.0,-448.255,93.4284,-635.112,-261.398,-428.49,8.10038,-444.691,-412.29
trgw_0_9_1:640.0,37.5459,1.11029,35.3253,39.7664,34.6292,0.038289,34.5526,34.7058
