name,prior_mean,prior_stdev,prior_lower_bound,prior_upper_bound,post_mean,post_stdev,post_lower_bound,post_upper_bound
gage_1:732.0,1521.75,167.541,1186.66,1856.83,1440.82,47.6977,1345.43,1536.22
headwater:732.0,-844.264,160.142,-1164.55,-523.981,-771.381,33.4267,-838.234,-704.528
tailwater:732.0,-531.737,21.6198,-574.977,-488.497,-529.167,13.4238,-556.015,-502.32
trgw_0_9_1:732.0,37.6696,1.42717,34.8153,40.5239,35.1683,0.0640155,35.0402,35.2963
trgw_2_9_1:732.0,37.6649,1.42863,34.8077,40.5222,35.1645,0.0643397,35.0358,35.2932
