name,prior_mean,prior_stdev,prior_lower_bound,prior_upper_bound,post_mean,post_stdev,post_lower_bound,post_upper_bound
hk1,0.69897,0.75,-0.80103,2.19897,1.28979,0.446305,0.39718,2.1824
hk2,0.69897,0.75,-0.80103,2.19897,1.60841,0.608198,0.392018,2.82481
hk3,0.69897,0.75,-0.80103,2.19897,1.56665,0.115313,1.33602,1.79727
