name,prior_mean,prior_stdev,prior_lower_bound,prior_upper_bound,post_mean,post_stdev,post_lower_bound,post_upper_bound
gage_1:732.0,1521.75,258.746,1004.25,2039.24,1521.75,30.3835,1460.98,1582.51
headwater:732.0,-844.264,159.563,-1163.39,-525.139,-844.264,22.116,-888.496,-800.033
tailwater:732.0,-531.737,94.6023,-720.941,-342.532,-531.737,9.34347,-550.424,-513.05
trgw_0_9_1:732.0,37.6696,5.05714,27.5553,47.7839,37.6696,0.650213,36.3692,38.97
trgw_2_9_1:732.0,37.6649,5.05874,27.5475,47.7824,37.6649,0.651493,36.362,38.9679
