name,prior_mean,prior_stdev,prior_lower_bound,prior_upper_bound,post_mean,post_stdev,post_lower_bound,post_upper_bound
gage_1:732.0,1521.75,320.591,880.564,2162.93,1473.45,278.793,915.867,2031.04
headwater:732.0,-844.264,165.924,-1176.11,-512.417,-806.989,93.596,-994.181,-619.797
tailwater:732.0,-531.737,212.288,-956.312,-107.162,-523.959,189.694,-903.347,-144.571
trgw_0_9_1:732.0,37.6696,2.86828,31.9331,43.4062,35.9522,0.262875,35.4265,36.478
trgw_2_9_1:732.0,37.6649,2.86654,31.9319,43.398,35.9469,0.263311,35.4203,36.4736
