name,prior_mean,prior_stdev,prior_lower_bound,prior_upper_bound,post_mean,post_stdev,post_lower_bound,post_upper_bound
hk1,0.69897,0.75,-0.80103,2.19897,0.69897,0.742926,-0.786882,2.18482
hk2,0.69897,0.75,-0.80103,2.19897,0.69897,0.745036,-0.791103,2.18904
hk3,0.69897,0.75,-0.80103,2.19897,0.69897,0.111315,0.476339,0.921601
