name,prior_mean,prior_stdev,prior_lower_bound,prior_upper_bound,post_mean,post_stdev,post_lower_bound,post_upper_bound
headwater:640.0,-409.617,320.747,-1051.11,231.877,-146.51,70.9478,-288.406,-4.61455
tailwater:367.0,-448.255,74.4728,-597.201,-299.31,-432.654,26.8498,-486.354,-378.955
trgw_0_9_1:640.0,37.5459,0.93421,35.6774,39.4143,34.3764,0.0769913,34.2225,34.5304
