name,prior_mean,prior_stdev,prior_lower_bound,prior_upper_bound,post_mean,post_stdev,post_lower_bound,post_upper_bound
hk1,0.69897,0.75,-0.80103,2.19897,0.69897,0.743151,-0.787331,2.18527
hk2,0.69897,0.75,-0.80103,2.19897,0.69897,0.746577,-0.794183,2.19212
hk3,0.69897,0.75,-0.80103,2.19897,0.69897,0.113173,0.472624,0.925316
