name,prior_mean,prior_stdev,prior_lower_bound,prior_upper_bound,post_mean,post_stdev,post_lower_bound,post_upper_bound
gage_1:732.0,1505.73,235.967,1033.8,1977.67,1430.24,10.5516,1409.14,1451.35
headwater:732.0,-839.261,188.694,-1216.65,-461.873,-771.283,12.4002,-796.084,-746.483
tailwater:732.0,-520.024,40.254,-600.532,-439.516,-517.653,4.88349,-527.42,-507.886
trgw_0_9_1:732.0,37.6719,1.39977,34.8724,40.4715,35.2181,0.0526715,35.1127,35.3234
trgw_2_9_1:732.0,37.6673,1.40027,34.8667,40.4678,35.2144,0.0533294,35.1078,35.3211
