name,prior_mean,prior_stdev,prior_lower_bound,prior_upper_bound,post_mean,post_stdev,post_lower_bound,post_upper_bound
hk1,0.69897,0.75,-0.80103,2.19897,1.69897,0.665165,0.368639,3.0293
hk2,0.69897,0.75,-0.80103,2.19897,0.632413,0.237156,0.158101,1.10673
hk3,0.69897,0.75,-0.80103,2.19897,1.19209,0.232806,0.726476,1.6577
