name,prior_mean,prior_stdev,prior_lower_bound,prior_upper_bound,post_mean,post_stdev,post_lower_bound,post_upper_bound
gage_1:732.0,1505.73,129.951,1245.83,1765.63,1484.5,27.1347,1430.23,1538.77
headwater:732.0,-839.261,91.5261,-1022.31,-656.209,-820.747,14.6849,-850.117,-791.377
tailwater:732.0,-520.024,42.0247,-604.074,-435.975,-518.568,15.405,-549.378,-487.758
trgw_0_9_1:732.0,37.6719,1.74864,34.1747,41.1692,35.909,0.288583,35.3318,36.4861
trgw_2_9_1:732.0,37.6673,1.74921,34.1689,41.1657,35.9066,0.288678,35.3292,36.4839
