name,prior_mean,prior_stdev,prior_lower_bound,prior_upper_bound,post_mean,post_stdev,post_lower_bound,post_upper_bound
gage_1:732.0,1505.73,267.333,971.065,2040.4,1405.01,26.8185,1351.37,1458.64
headwater:732.0,-839.261,221.01,-1281.28,-397.241,-749.672,17.5586,-784.789,-714.555
tailwater:732.0,-520.024,37.7332,-595.491,-444.558,-515.522,9.29996,-534.122,-496.922
trgw_0_9_1:732.0,37.6719,1.54461,34.5827,40.7612,35.1255,0.0345359,35.0565,35.1946
trgw_2_9_1:732.0,37.6673,1.54552,34.5762,40.7583,35.1207,0.0342438,35.0522,35.1892
