name,prior_mean,prior_stdev,prior_lower_bound,prior_upper_bound,post_mean,post_stdev,post_lower_bound,post_upper_bound
gage_1:732.0,1521.75,189.851,1142.04,1901.45,1443.17,52.8585,1337.45,1548.89
headwater:732.0,-844.264,171.161,-1186.59,-501.943,-773.479,30.5955,-834.67,-712.288
tailwater:732.0,-531.737,41.735,-615.207,-448.267,-529.229,21.8666,-572.962,-485.495
trgw_0_9_1:732.0,37.6696,1.41358,34.8424,40.4968,35.1783,0.0660628,35.0461,35.3104
trgw_2_9_1:732.0,37.6649,1.4147,34.8356,40.4943,35.1746,0.0668119,35.041,35.3082
