name,prior_mean,prior_stdev,prior_lower_bound,prior_upper_bound,post_mean,post_stdev,post_lower_bound,post_upper_bound
headwater:640.0,-409.617,352.007,-1113.63,294.396,-196.432,27.943,-252.318,-140.546
tailwater:367.0,-448.255,90.7193,-629.694,-266.817,-428.851,15.6414,-460.134,-397.568
trgw_0_9_1:640.0,37.5459,1.07953,35.3868,39.7049,34.5685,0.0789394,34.4106,34.7264
