name,prior_mean,prior_stdev,prior_lower_bound,prior_upper_bound,post_mean,post_stdev,post_lower_bound,post_upper_bound
gage_1:732.0,1505.73,286.1,933.531,2077.93,1505.73,31.0939,1443.54,1567.92
headwater:732.0,-839.261,190.968,-1221.2,-457.324,-839.261,21.6132,-882.487,-796.035
tailwater:732.0,-520.024,90.0433,-700.111,-339.938,-520.024,9.11689,-538.258,-501.79
trgw_0_9_1:732.0,37.6719,5.43535,26.8012,48.5426,37.6719,0.459242,36.7535,38.5904
trgw_2_9_1:732.0,37.6673,5.43638,26.7945,48.54,37.6673,0.458995,36.7493,38.5853
