name,prior_mean,prior_stdev,prior_lower_bound,prior_upper_bound,post_mean,post_stdev,post_lower_bound,post_upper_bound
hk1,0.69897,0.75,-0.80103,2.19897,1.39977,0.0442495,1.31127,1.48827
hk2,0.69897,0.75,-0.80103,2.19897,1.47677,0.228702,1.01937,1.93418
hk3,0.69897,0.75,-0.80103,2.19897,1.43058,0.0524546,1.32567,1.53549
