name,prior_mean,prior_stdev,prior_lower_bound,prior_upper_bound,post_mean,post_stdev,post_lower_bound,post_upper_bound
hk1,0.69897,0.75,-0.80103,2.19897,0.716605,0.247216,0.222174,1.21104
hk2,0.69897,0.75,-0.80103,2.19897,1.69897,0.314742,1.06949,2.32845
hk3,0.69897,0.75,-0.80103,2.19897,1.36102,0.0914435,1.17814,1.54391
