name,prior_mean,prior_stdev,prior_lower_bound,prior_upper_bound,post_mean,post_stdev,post_lower_bound,post_upper_bound
headwater:640.0,-409.617,277.324,-964.266,145.031,-159.031,24.0037,-207.038,-111.023
tailwater:367.0,-448.255,111.22,-670.696,-225.815,-431.799,29.4977,-490.794,-372.803
trgw_0_9_1:640.0,37.5459,0.988594,35.5687,39.523,34.4206,0.0632221,34.2941,34.547
