name,prior_mean,prior_stdev,prior_lower_bound,prior_upper_bound,post_mean,post_stdev,post_lower_bound,post_upper_bound
hk1,0.69897,0.75,-0.80103,2.19897,1.69897,0.0964114,1.50615,1.89179
hk2,0.69897,0.75,-0.80103,2.19897,0.723418,0.0967974,0.529823,0.917013
hk3,0.69897,0.75,-0.80103,2.19897,1.1174,0.0898361,0.93773,1.29707
