name,prior_mean,prior_stdev,prior_lower_bound,prior_upper_bound,post_mean,post_stdev,post_lower_bound,post_upper_bound
headwater:640.0,-409.617,413.759,-1237.14,417.901,-216.004,215.047,-646.098,214.089
tailwater:367.0,-448.255,44.6909,-537.637,-358.873,-427.528,24.2505,-476.029,-379.027
trgw_0_9_1:640.0,37.5459,1.11164,35.3226,39.7691,34.6637,0.0662026,34.5313,34.7961
