name,prior_mean,prior_stdev,prior_lower_bound,prior_upper_bound,post_mean,post_stdev,post_lower_bound,post_upper_bound
hk1,0.69897,0.75,-0.80103,2.19897,1.16888,0.42352,0.321844,2.01592
hk2,0.69897,0.75,-0.80103,2.19897,1.58248,0.570632,0.441212,2.72374
hk3,0.69897,0.75,-0.80103,2.19897,1.44574,0.0753401,1.29506,1.59643
