name,prior_mean,prior_stdev,prior_lower_bound,prior_upper_bound,post_mean,post_stdev,post_lower_bound,post_upper_bound
gage_1:732.0,1521.75,226.812,1068.12,1975.37,1437.98,37.8942,1362.19,1513.77
headwater:732.0,-844.264,198.969,-1242.2,-446.327,-768.811,29.5523,-827.916,-709.707
tailwater:732.0,-531.737,18.3178,-568.372,-495.101,-529.032,5.85556,-540.743,-517.32
trgw_0_9_1:732.0,37.6696,1.45898,34.7516,40.5876,35.1491,0.0590344,35.031,35.2671
trgw_2_9_1:732.0,37.6649,1.46016,34.7446,40.5853,35.1453,0.0608548,35.0236,35.267
