name,prior_mean,prior_stdev,prior_lower_bound,prior_upper_bound,post_mean,post_stdev,post_lower_bound,post_upper_bound
hk1,0.69897,0.75,-0.80103,2.19897,1.17375,0.258979,0.655789,1.6917
hk2,0.69897,0.75,-0.80103,2.19897,1.18041,0.742996,-0.305583,2.6664
hk3,0.69897,0.75,-0.80103,2.19897,1.25869,0.0711953,1.1163,1.40108
