name,prior_mean,prior_stdev,prior_lower_bound,prior_upper_bound,post_mean,post_stdev,post_lower_bound,post_upper_bound
hk1,0.69897,0.75,-0.80103,2.19897,1.30487,0.695688,-0.0865003,2.69625
hk2,0.69897,0.75,-0.80103,2.19897,1.46258,0.125976,1.21063,1.71453
hk3,0.69897,0.75,-0.80103,2.19897,1.54525,0.0789454,1.38735,1.70314
