name,prior_mean,prior_stdev,prior_lower_bound,prior_upper_bound,post_mean,post_stdev,post_lower_bound,post_upper_bound
headwater:640.0,-409.617,137.429,-684.475,-134.76,-211.354,74.6559,-360.666,-62.0421
tailwater:367.0,-448.255,54.3905,-557.036,-339.474,-427.602,12.0352,-451.673,-403.532
trgw_0_9_1:640.0,37.5459,1.18672,35.1724,39.9193,34.6282,0.0388626,34.5504,34.7059
