name,prior_mean,prior_stdev,prior_lower_bound,prior_upper_bound,post_mean,post_stdev,post_lower_bound,post_upper_bound
gage_1:732.0,1505.73,298.809,908.113,2103.35,1418.13,51.6219,1314.89,1521.38
headwater:732.0,-839.261,224.26,-1287.78,-390.741,-761.987,18.926,-799.839,-724.135
tailwater:732.0,-520.024,73.2493,-666.523,-373.526,-515.452,36.3801,-588.212,-442.692
trgw_0_9_1:732.0,37.6719,1.51864,34.6347,40.7092,35.1919,0.0571327,35.0776,35.3062
trgw_2_9_1:732.0,37.6673,1.51831,34.6307,40.7039,35.1877,0.0568219,35.074,35.3013
