name,prior_mean,prior_stdev,prior_lower_bound,prior_upper_bound,post_mean,post_stdev,post_lower_bound,post_upper_bound
hk1,0.69897,0.75,-0.80103,2.19897,1.69897,0.389309,0.920351,2.47759
hk2,0.69897,0.75,-0.80103,2.19897,0.723902,0.290895,0.142112,1.30569
hk3,0.69897,0.75,-0.80103,2.19897,0.788466,0.393787,0.000891924,1.57604
