name,prior_mean,prior_stdev,prior_lower_bound,prior_upper_bound,post_mean,post_stdev,post_lower_bound,post_upper_bound
hk1,0.69897,0.75,-0.80103,2.19897,1.69897,0.325735,1.0475,2.35044
hk2,0.69897,0.75,-0.80103,2.19897,0.619855,0.463975,-0.308094,1.5478
hk3,0.69897,0.75,-0.80103,2.19897,1.1821,0.109577,0.962945,1.40125
