name,prior_mean,prior_stdev,prior_lower_bound,prior_upper_bound,post_mean,post_stdev,post_lower_bound,post_upper_bound
headwater:640.0,-409.617,276.668,-962.953,143.718,-333.864,48.5521,-430.968,-236.76
tailwater:367.0,-448.255,156.327,-760.909,-135.602,-432.631,36.5341,-505.699,-359.563
trgw_0_9_1:640.0,37.5459,1.82103,33.9038,41.1879,35.7534,0.561865,34.6297,36.8772
