name,prior_mean,prior_stdev,prior_lower_bound,prior_upper_bound,post_mean,post_stdev,post_lower_bound,post_upper_bound
hk1,0.69897,0.75,-0.80103,2.19897,0.664488,0.20921,0.246069,1.08291
hk2,0.69897,0.75,-0.80103,2.19897,1.69364,0.568667,0.556309,2.83098
hk3,0.69897,0.75,-0.80103,2.19897,1.38619,0.138544,1.1091,1.66328
