name,prior_mean,prior_stdev,prior_lower_bound,prior_upper_bound,post_mean,post_stdev,post_lower_bound,post_upper_bound
hk1,0.69897,0.75,-0.80103,2.19897,0.69897,0.743165,-0.787361,2.1853
hk2,0.69897,0.75,-0.80103,2.19897,0.69897,0.746311,-0.793652,2.19159
hk3,0.69897,0.75,-0.80103,2.19897,0.69897,0.114597,0.469775,0.928165
