name,prior_mean,prior_stdev,prior_lower_bound,prior_upper_bound,post_mean,post_stdev,post_lower_bound,post_upper_bound
hk1,0.69897,0.75,-0.80103,2.19897,0.831774,0.430541,-0.0293083,1.69286
hk2,0.69897,0.75,-0.80103,2.19897,0.667813,0.560881,-0.45395,1.78958
hk3,0.69897,0.75,-0.80103,2.19897,1.20796,0.0326925,1.14258,1.27335
