name,prior_mean,prior_stdev,prior_lower_bound,prior_upper_bound,post_mean,post_stdev,post_lower_bound,post_upper_bound
hk1,0.69897,0.75,-0.80103,2.19897,1.17375,0.196003,0.781741,1.56575
hk2,0.69897,0.75,-0.80103,2.19897,1.18041,0.670819,-0.161229,2.52205
hk3,0.69897,0.75,-0.80103,2.19897,1.25869,0.0353522,1.18799,1.3294
