name,prior_mean,prior_stdev,prior_lower_bound,prior_upper_bound,post_mean,post_stdev,post_lower_bound,post_upper_bound
hk1,0.69897,0.75,-0.80103,2.19897,1.39977,0.427321,0.545128,2.25441
hk2,0.69897,0.75,-0.80103,2.19897,1.47677,0.569965,0.336842,2.6167
hk3,0.69897,0.75,-0.80103,2.19897,1.43058,0.0770401,1.2765,1.58466
