name,prior_mean,prior_stdev,prior_lower_bound,prior_upper_bound,post_mean,post_stdev,post_lower_bound,post_upper_bound
gage_1:732.0,1521.75,211.59,1098.57,1944.93,1441.18,28.6939,1383.79,1498.57
headwater:732.0,-844.264,191.953,-1228.17,-460.357,-771.08,20.4392,-811.959,-730.202
tailwater:732.0,-531.737,15.0347,-561.806,-501.667,-529.807,7.43811,-544.683,-514.931
trgw_0_9_1:732.0,37.6696,1.37781,34.914,40.4252,35.1432,0.026095,35.091,35.1954
trgw_2_9_1:732.0,37.6649,1.37951,34.9059,40.424,35.1396,0.0255482,35.0885,35.1907
