name,prior_mean,prior_stdev,prior_lower_bound,prior_upper_bound,post_mean,post_stdev,post_lower_bound,post_upper_bound
gage_1:732.0,1521.75,223.925,1073.9,1969.6,1434.98,44.9883,1345,1524.95
headwater:732.0,-844.264,191.418,-1227.1,-461.428,-772.128,24.3721,-820.872,-723.384
tailwater:732.0,-531.737,72.6776,-677.092,-386.382,-522.6,21.6583,-565.917,-479.284
trgw_0_9_1:732.0,37.6696,2.07165,33.5263,41.8129,35.3687,0.0598305,35.249,35.4883
trgw_2_9_1:732.0,37.6649,2.07124,33.5225,41.8074,35.3634,0.0598657,35.2436,35.4831
