name,prior_mean,prior_stdev,prior_lower_bound,prior_upper_bound,post_mean,post_stdev,post_lower_bound,post_upper_bound
hk1,0.69897,0.75,-0.80103,2.19897,1.0135,0.625664,-0.237826,2.26483
hk2,0.69897,0.75,-0.80103,2.19897,1.39643,0.431181,0.53407,2.25879
hk3,0.69897,0.75,-0.80103,2.19897,0.954415,0.198306,0.557804,1.35103
