name,prior_mean,prior_stdev,prior_lower_bound,prior_upper_bound,post_mean,post_stdev,post_lower_bound,post_upper_bound
gage_1:732.0,1505.73,315.968,873.795,2137.67,1436.06,48.4708,1339.12,1533
headwater:732.0,-839.261,106.295,-1051.85,-626.671,-777.308,15.8384,-808.985,-745.631
tailwater:732.0,-520.024,249.389,-1018.8,-21.2457,-517.001,34.4097,-585.821,-448.182
trgw_0_9_1:732.0,37.6719,1.29967,35.0726,40.2713,35.2788,0.0656865,35.1474,35.4102
trgw_2_9_1:732.0,37.6673,1.3007,35.0659,40.2687,35.2753,0.0661435,35.143,35.4076
