name,prior_mean,prior_stdev,prior_lower_bound,prior_upper_bound,post_mean,post_stdev,post_lower_bound,post_upper_bound
headwater:640.0,-409.617,545.897,-1501.41,682.176,-196.432,98.318,-393.068,0.20364
tailwater:367.0,-448.255,301.907,-1052.07,155.559,-428.851,29.8213,-488.493,-369.208
trgw_0_9_1:640.0,37.5459,0.864807,35.8162,39.2755,34.5685,0.0526997,34.4631,34.6739
