name,prior_mean,prior_stdev,prior_lower_bound,prior_upper_bound,post_mean,post_stdev,post_lower_bound,post_upper_bound
headwater:640.0,-409.617,352.007,-1113.63,294.396,-192.904,26.4314,-245.767,-140.041
tailwater:367.0,-448.255,90.7193,-629.694,-266.817,-428.893,15.3249,-459.543,-398.244
trgw_0_9_1:640.0,37.5459,1.07953,35.3868,39.7049,34.548,0.0741414,34.3997,34.6962
