name,prior_mean,prior_stdev,prior_lower_bound,prior_upper_bound,post_mean,post_stdev,post_lower_bound,post_upper_bound
hk1,0.69897,0.75,-0.80103,2.19897,1.55019,0.316646,0.916902,2.18349
hk2,0.69897,0.75,-0.80103,2.19897,0.221799,0.680621,-1.13944,1.58304
hk3,0.69897,0.75,-0.80103,2.19897,1.21492,0.0792459,1.05642,1.37341
