name,prior_mean,prior_stdev,prior_lower_bound,prior_upper_bound,post_mean,post_stdev,post_lower_bound,post_upper_bound
hk1,0.69897,0.75,-0.80103,2.19897,0.664035,0.178495,0.307044,1.02103
hk2,0.69897,0.75,-0.80103,2.19897,1.69391,0.40513,0.883651,2.50417
hk3,0.69897,0.75,-0.80103,2.19897,1.38634,0.0826689,1.221,1.55168
