name,prior_mean,prior_stdev,prior_lower_bound,prior_upper_bound,post_mean,post_stdev,post_lower_bound,post_upper_bound
headwater:640.0,-409.617,283.276,-976.169,156.935,-409.617,26.2833,-462.184,-357.051
tailwater:367.0,-448.255,267.814,-983.883,87.3727,-448.255,37.084,-522.423,-374.087
trgw_0_9_1:640.0,37.5459,5.58516,26.3755,48.7162,37.5459,0.501899,36.5421,38.5497
